date,sensor_id,flow_ml
2026-06-01,607013,31.28
2026-06-01,607022,66.35
2026-06-01,608002,29.51
2026-06-01,608151,27.06
2026-06-01,608171,30.09
2026-06-02,607013,24.74
2026-06-02,607022,55.3
2026-06-02,608002,20.82
2026-06-02,608151,30.77
2026-06-02,608171,31.42
2026-06-03,607013,21.28
2026-06-03,607022,43.02
2026-06-03,608002,14.09
2026-06-03,608151,30.95
2026-06-03,608171,26.43
2026-06-04,607013,18.53
2026-06-04,607022,37.58
2026-06-04,608002,11.53
2026-06-04,608151,31.14
2026-06-04,608171,21.6
2026-06-05,607013,19.44
2026-06-05,607022,34.21
2026-06-05,608002,10.15
2026-06-05,608151,27.91
2026-06-05,608171,18.35
2026-06-06,607013,21.12
2026-06-06,607022,33.64
2026-06-06,608002,9.347
2026-06-06,608151,24.44
2026-06-06,608171,16.08
2026-06-07,607013,21.62
2026-06-07,607022,33.34
2026-06-07,608002,8.872
2026-06-07,608151,21.62
2026-06-07,608171,14.51
2026-06-08,607013,23.88
2026-06-08,607022,35.61
2026-06-08,608002,11.58
2026-06-08,608151,21.71
2026-06-08,608171,14.1
2026-06-09,607013,32.76
2026-06-09,607022,54.81
2026-06-09,608002,20.98
2026-06-09,608151,24.27
2026-06-09,608171,22.15
2026-06-10,607013,31.93
2026-06-10,607022,46.33
2026-06-10,608002,13.73
2026-06-10,608151,25.26
2026-06-10,608171,22.38
2026-06-11,607013,29.08
2026-06-11,607022,41.72
2026-06-11,608002,11.51
2026-06-11,608151,23.62
2026-06-11,608171,19.61
2026-06-12,607013,34.86
2026-06-12,607022,47.34
2026-06-12,608002,18.24
2026-06-12,608151,26.09
2026-06-12,608171,22.45
2026-06-13,607013,36.22
2026-06-13,607022,50.95
2026-06-13,608002,15.58
2026-06-13,608151,27.4
2026-06-13,608171,24.15
2026-06-14,607013,44.87
2026-06-14,607022,76.47
2026-06-14,608002,33.06
2026-06-14,608151,31.57
2026-06-14,608171,40.22
2026-06-15,607013,56.5
2026-06-15,607022,97.61
2026-06-15,608002,49.8
2026-06-15,608151,58.72
2026-06-15,608171,70.38
2026-06-16,607013,50.68
2026-06-16,607022,90.27
2026-06-16,608002,36.65
2026-06-16,608151,60.05
2026-06-16,608171,56.46
2026-06-17,607013,46.8
2026-06-17,607022,82.08
2026-06-17,608002,36.08
2026-06-17,608151,58.93
2026-06-17,608171,59.56
2026-06-18,607013,42.53
2026-06-18,607022,68.34
2026-06-18,608002,29.8
2026-06-18,608151,56.57
2026-06-18,608171,48.81
2026-06-19,607013,38.31
2026-06-19,607022,55.89
2026-06-19,608002,23.15
2026-06-19,608151,44.11
2026-06-19,608171,35.14
2026-06-20,607013,35.01
2026-06-20,607022,51.45
2026-06-20,608002,18.76
2026-06-20,608151,50.93
2026-06-20,608171,28.57
2026-06-21,607013,37.22
2026-06-21,607022,51.47
2026-06-21,608002,17.39
2026-06-21,608151,58.31
2026-06-21,608171,26.56
2026-06-22,607013,43.0
2026-06-22,607022,57.09
2026-06-22,608002,17.69
2026-06-22,608151,56.08
2026-06-22,608171,28.14
2026-06-23,607013,43.5
2026-06-23,607022,56.2
2026-06-23,608002,14.37
2026-06-23,608151,49.64
2026-06-23,608171,24.72
2026-06-24,607013,44.49
2026-06-24,607022,55.0
2026-06-24,608002,12.83
2026-06-24,608151,47.05
2026-06-24,608171,22.03
2026-06-25,607013,45.25
2026-06-25,607022,54.49
2026-06-25,608002,11.95
2026-06-25,608151,45.59
2026-06-25,608171,20.07
2026-06-26,607013,48.96
2026-06-26,607022,59.64
2026-06-26,608002,17.63
2026-06-26,608151,55.17
2026-06-26,608171,23.26
2026-06-27,607013,81.28
2026-06-27,607022,130.3
2026-06-27,608002,43.98
2026-06-27,608151,89.96
2026-06-27,608171,63.84
2026-06-28,607013,122.0
2026-06-28,607022,221.5
2026-06-28,608002,74.56
2026-06-28,608151,145.0
2026-06-28,608171,137.2
2026-06-29,607013,116.5
2026-06-29,607022,219.9
2026-06-29,608002,59.04
2026-06-29,608151,155.3
2026-06-29,608171,107.2
2026-06-30,607013,141.2
2026-06-30,607022,269.2
2026-06-30,608002,75.5
2026-06-30,608151,219.2
2026-06-30,608171,106.4
2026-07-01,607013,156.7
2026-07-01,607022,318.7
2026-07-01,608002,88.11
2026-07-01,608151,340.3
2026-07-01,608171,115.7
2026-07-02,607013,152.8
2026-07-02,607022,318.7
2026-07-02,608002,83.2
2026-07-02,608151,364.5
2026-07-02,608171,115.1
2026-07-03,607013,130.1
2026-07-03,607022,259.4
2026-07-03,608002,59.6
2026-07-03,608151,318.3
2026-07-03,608171,94.11
2026-07-04,607013,113.7
2026-07-04,607022,215.0
2026-07-04,608002,41.95
2026-07-04,608151,262.5
2026-07-04,608171,74.41
2026-07-05,607013,106.3
2026-07-05,607022,192.6
2026-07-05,608002,40.01
2026-07-05,608151,224.5
2026-07-05,608171,64.58
2026-07-06,607013,120.2
2026-07-06,607022,217.8
2026-07-06,608002,62.05
2026-07-06,608151,259.9
2026-07-06,608171,90.83
2026-07-07,607013,114.6
2026-07-07,607022,205.0
2026-07-07,608002,46.78
2026-07-07,608151,228.2
2026-07-07,608171,76.69
2026-07-08,607013,108.1
2026-07-08,607022,188.1
2026-07-08,608002,37.39
2026-07-08,608151,193.0
2026-07-08,608171,64.56
2026-07-09,607013,102.2
2026-07-09,607022,169.1
2026-07-09,608002,32.28
2026-07-09,608151,187.0
2026-07-09,608171,53.54
2026-07-10,607013,100.8
2026-07-10,607022,152.2
2026-07-10,608002,32.25
2026-07-10,608151,177.9
2026-07-10,608171,48.16
2026-07-11,607013,99.91
2026-07-11,607022,152.4
2026-07-11,608002,27.51
2026-07-11,608151,156.4
2026-07-11,608171,43.38
2026-07-12,607013,95.22
2026-07-12,607022,144.2
2026-07-12,608002,24.3
2026-07-12,608151,140.4
2026-07-12,608171,39.2
2026-07-13,607013,92.94
2026-07-13,607022,137.8
2026-07-13,608002,22.18
2026-07-13,608151,134.1
2026-07-13,608171,35.52
2026-07-14,607013,90.71
2026-07-14,607022,134.9
2026-07-14,608002,20.3
2026-07-14,608151,124.4
2026-07-14,608171,39.09
2026-07-15,607013,84.14
2026-07-15,607022,128.1
2026-07-15,608002,18.52
2026-07-15,608151,111.4
2026-07-15,608171,33.32
2026-07-16,607013,75.58
2026-07-16,607022,126.2
2026-07-16,608002,20.81
2026-07-16,608151,104.9
2026-07-16,608171,38.53
2026-07-17,607013,72.75
2026-07-17,607022,119.0
2026-07-17,608002,23.57
2026-07-17,608151,100.0
2026-07-17,608171,47.92
2026-07-18,607013,67.91
2026-07-18,607022,110.0
2026-07-18,608002,20.88
2026-07-18,608151,95.24
2026-07-18,608171,43.66
2026-07-19,607013,65.03
2026-07-19,607022,98.02
2026-07-19,608002,18.52
2026-07-19,608151,88.68
2026-07-19,608171,50.47
2026-07-20,607013,70.37
2026-07-20,607022,101.5
2026-07-20,608002,18.68
2026-07-20,608151,86.33
2026-07-20,608171,63.65
2026-07-21,607013,58.88
2026-07-21,607022,102.2
2026-07-21,608002,20.47
2026-07-21,608151,91.65
2026-07-21,608171,67.52
2026-07-22,607013,48.88
2026-07-22,607022,79.07
2026-07-22,608002,18.01
2026-07-22,608151,88.69
2026-07-22,608171,54.15
2026-07-23,607013,45.23
2026-07-23,607022,71.67
2026-07-23,608002,16.23
2026-07-23,608151,81.44
2026-07-23,608171,45.29
2026-07-24,607013,42.27
2026-07-24,607022,64.25
2026-07-24,608002,15.26
2026-07-24,608151,75.34
2026-07-24,608171,40.47
2026-07-25,607013,42.63
2026-07-25,607022,56.95
2026-07-25,608002,14.5
2026-07-25,608151,71.61
2026-07-25,608171,37.55
2026-07-26,607013,45.15
2026-07-26,607022,60.09
2026-07-26,608002,18.05
2026-07-26,608151,70.62
2026-07-26,608171,43.19
2026-07-27,607013,44.27
2026-07-27,607022,56.66
2026-07-27,608002,18.41
2026-07-27,608151,71.94
2026-07-27,608171,44.12
2026-07-28,607013,41.65
2026-07-28,607022,53.16
2026-07-28,608002,15.64
2026-07-28,608151,67.27
2026-07-28,608171,38.9
2026-07-29,607013,38.72
2026-07-29,607022,48.78
2026-07-29,608002,14.34
2026-07-29,608151,62.31
2026-07-29,608171,35.52
2026-07-30,607013,36.6
2026-07-30,607022,45.01
2026-07-30,608002,13.65
2026-07-30,608151,58.61
2026-07-30,608171,33.84
2026-07-31,607013,36.26
2026-07-31,607022,46.11
2026-07-31,608002,15.45
2026-07-31,608151,59.53
2026-07-31,608171,38.08
2026-08-01,607013,45.66
2026-08-01,607022,63.3
2026-08-01,608002,26.7
2026-08-01,608151,80.18
2026-08-01,608171,81.65
2026-08-02,607013,44.94
2026-08-02,607022,59.72
2026-08-02,608002,18.59
2026-08-02,608151,79.58
2026-08-02,608171,53.83
2026-08-03,607013,42.36
2026-08-03,607022,56.91
2026-08-03,608002,16.32
2026-08-03,608151,73.42
2026-08-03,608171,44.52
2026-08-04,607013,46.76
2026-08-04,607022,65.41
2026-08-04,608002,23.82
2026-08-04,608151,76.75
2026-08-04,608171,66.31
2026-08-05,607013,46.43
2026-08-05,607022,62.59
2026-08-05,608002,20.3
2026-08-05,608151,83.3
2026-08-05,608171,58.83
2026-08-06,607013,47.36
2026-08-06,607022,62.7
2026-08-06,608002,21.9
2026-08-06,608151,86.29
2026-08-06,608171,54.97
2026-08-07,607013,55.57
2026-08-07,607022,77.4
2026-08-07,608002,30.02
2026-08-07,608151,95.28
2026-08-07,608171,66.32
2026-08-08,607013,68.78
2026-08-08,607022,115.0
2026-08-08,608002,35.26
2026-08-08,608151,115.2
2026-08-08,608171,80.07
2026-08-09,607013,76.51
2026-08-09,607022,141.5
2026-08-09,608002,35.88
2026-08-09,608151,154.2
2026-08-09,608171,85.0
2026-08-10,607013,79.79
2026-08-10,607022,162.8
2026-08-10,608002,40.75
2026-08-10,608151,187.1
2026-08-10,608171,101.2
2026-08-11,607013,94.41
2026-08-11,607022,194.9
2026-08-11,608002,60.36
2026-08-11,608151,271.4
2026-08-11,608171,163.6
2026-08-12,607013,84.82
2026-08-12,607022,173.6
2026-08-12,608002,48.57
2026-08-12,608151,269.7
2026-08-12,608171,135.6
2026-08-13,607013,77.72
2026-08-13,607022,145.5
2026-08-13,608002,38.4
2026-08-13,608151,230.5
2026-08-13,608171,107.2
2026-08-14,607013,74.89
2026-08-14,607022,131.3
2026-08-14,608002,31.91
2026-08-14,608151,211.0
2026-08-14,608171,85.83
2026-08-15,607013,70.03
2026-08-15,607022,118.0
2026-08-15,608002,27.29
2026-08-15,608151,182.7
2026-08-15,608171,74.17
2026-08-16,607013,63.46
2026-08-16,607022,101.9
2026-08-16,608002,23.45
2026-08-16,608151,150.6
2026-08-16,608171,63.67
2026-08-17,607013,65.71
2026-08-17,607022,99.09
2026-08-17,608002,26.32
2026-08-17,608151,137.3
2026-08-17,608171,64.0
2026-08-18,607013,93.88
2026-08-18,607022,131.6
2026-08-18,608002,33.87
2026-08-18,608151,155.8
2026-08-18,608171,87.41
2026-08-19,607013,114.2
2026-08-19,607022,170.8
2026-08-19,608002,28.04
2026-08-19,608151,146.2
2026-08-19,608171,82.47
2026-08-20,607013,109.5
2026-08-20,607022,169.4
2026-08-20,608002,25.18
2026-08-20,608151,130.6
2026-08-20,608171,77.18
2026-08-21,607013,101.9
2026-08-21,607022,152.8
2026-08-21,608002,21.94
2026-08-21,608151,129.6
2026-08-21,608171,65.07
2026-08-22,607013,93.93
2026-08-22,607022,140.4
2026-08-22,608002,20.32
2026-08-22,608151,126.5
2026-08-22,608171,56.53
2026-08-23,607013,73.8
2026-08-23,607022,117.3
2026-08-23,608002,19.36
2026-08-23,608151,112.8
2026-08-23,608171,52.14
2026-08-24,607013,58.61
2026-08-24,607022,92.93
2026-08-24,608002,18.01
2026-08-24,608151,101.2
2026-08-24,608171,48.05
2026-08-25,607013,51.08
2026-08-25,607022,78.06
2026-08-25,608002,18.39
2026-08-25,608151,92.19
2026-08-25,608171,45.86
2026-08-26,607013,56.35
2026-08-26,607022,86.19
2026-08-26,608002,28.71
2026-08-26,608151,113.0
2026-08-26,608171,78.44
2026-08-27,607013,67.42
2026-08-27,607022,95.47
2026-08-27,608002,27.9
2026-08-27,608151,155.1
2026-08-27,608171,78.84
2026-08-28,607013,72.84
2026-08-28,607022,104.0
2026-08-28,608002,22.0
2026-08-28,608151,157.4
2026-08-28,608171,61.26
2026-08-29,607013,72.88
2026-08-29,607022,103.7
2026-08-29,608002,19.24
2026-08-29,608151,166.0
2026-08-29,608171,52.41
2026-08-30,607013,69.72
2026-08-30,607022,97.42
2026-08-30,608002,18.15
2026-08-30,608151,184.9
2026-08-30,608171,48.81
2026-08-31,607013,64.93
2026-08-31,607022,87.32
2026-08-31,608002,19.56
2026-08-31,608151,171.4
2026-08-31,608171,47.15
